[
{
    "model": "admin.logentry",
    "pk": 145,
    "fields": {
        "action_time": "2022-02-21T01:52:59.946Z",
        "user": 13,
        "content_type": 7,
        "object_id": "12",
        "object_repr": "Profile object (12)",
        "action_flag": 1,
        "change_message": "[{\"added\": {}}]"
    }
},
{
    "model": "admin.logentry",
    "pk": 146,
    "fields": {
        "action_time": "2022-02-21T01:54:48.716Z",
        "user": 13,
        "content_type": 8,
        "object_id": "1",
        "object_repr": "Question object (1)",
        "action_flag": 1,
        "change_message": "[{\"added\": {}}]"
    }
},
{
    "model": "admin.logentry",
    "pk": 147,
    "fields": {
        "action_time": "2022-05-05T02:13:01.620Z",
        "user": 16,
        "content_type": 8,
        "object_id": "53",
        "object_repr": "Question object (53)",
        "action_flag": 3,
        "change_message": ""
    }
},
{
    "model": "admin.logentry",
    "pk": 148,
    "fields": {
        "action_time": "2022-05-05T02:13:01.640Z",
        "user": 16,
        "content_type": 8,
        "object_id": "52",
        "object_repr": "Question object (52)",
        "action_flag": 3,
        "change_message": ""
    }
},
{
    "model": "admin.logentry",
    "pk": 149,
    "fields": {
        "action_time": "2022-05-05T02:13:01.653Z",
        "user": 16,
        "content_type": 8,
        "object_id": "51",
        "object_repr": "Question object (51)",
        "action_flag": 3,
        "change_message": ""
    }
},
{
    "model": "admin.logentry",
    "pk": 150,
    "fields": {
        "action_time": "2022-05-05T02:13:01.668Z",
        "user": 16,
        "content_type": 8,
        "object_id": "50",
        "object_repr": "Question object (50)",
        "action_flag": 3,
        "change_message": ""
    }
},
{
    "model": "admin.logentry",
    "pk": 151,
    "fields": {
        "action_time": "2022-05-05T02:13:01.685Z",
        "user": 16,
        "content_type": 8,
        "object_id": "49",
        "object_repr": "Question object (49)",
        "action_flag": 3,
        "change_message": ""
    }
},
{
    "model": "admin.logentry",
    "pk": 152,
    "fields": {
        "action_time": "2022-05-05T02:13:01.702Z",
        "user": 16,
        "content_type": 8,
        "object_id": "48",
        "object_repr": "Question object (48)",
        "action_flag": 3,
        "change_message": ""
    }
},
{
    "model": "admin.logentry",
    "pk": 153,
    "fields": {
        "action_time": "2022-05-05T02:13:01.720Z",
        "user": 16,
        "content_type": 8,
        "object_id": "47",
        "object_repr": "Question object (47)",
        "action_flag": 3,
        "change_message": ""
    }
},
{
    "model": "admin.logentry",
    "pk": 154,
    "fields": {
        "action_time": "2022-05-05T02:13:01.734Z",
        "user": 16,
        "content_type": 8,
        "object_id": "46",
        "object_repr": "Question object (46)",
        "action_flag": 3,
        "change_message": ""
    }
},
{
    "model": "admin.logentry",
    "pk": 155,
    "fields": {
        "action_time": "2022-05-05T02:13:01.746Z",
        "user": 16,
        "content_type": 8,
        "object_id": "45",
        "object_repr": "Question object (45)",
        "action_flag": 3,
        "change_message": ""
    }
},
{
    "model": "admin.logentry",
    "pk": 156,
    "fields": {
        "action_time": "2022-05-05T02:13:01.756Z",
        "user": 16,
        "content_type": 8,
        "object_id": "44",
        "object_repr": "Question object (44)",
        "action_flag": 3,
        "change_message": ""
    }
},
{
    "model": "admin.logentry",
    "pk": 157,
    "fields": {
        "action_time": "2022-05-05T02:13:01.767Z",
        "user": 16,
        "content_type": 8,
        "object_id": "43",
        "object_repr": "Question object (43)",
        "action_flag": 3,
        "change_message": ""
    }
},
{
    "model": "admin.logentry",
    "pk": 158,
    "fields": {
        "action_time": "2022-05-05T02:13:01.779Z",
        "user": 16,
        "content_type": 8,
        "object_id": "42",
        "object_repr": "Question object (42)",
        "action_flag": 3,
        "change_message": ""
    }
},
{
    "model": "admin.logentry",
    "pk": 159,
    "fields": {
        "action_time": "2022-05-05T02:13:01.790Z",
        "user": 16,
        "content_type": 8,
        "object_id": "41",
        "object_repr": "Question object (41)",
        "action_flag": 3,
        "change_message": ""
    }
},
{
    "model": "admin.logentry",
    "pk": 160,
    "fields": {
        "action_time": "2022-05-05T02:13:01.801Z",
        "user": 16,
        "content_type": 8,
        "object_id": "40",
        "object_repr": "Question object (40)",
        "action_flag": 3,
        "change_message": ""
    }
},
{
    "model": "admin.logentry",
    "pk": 161,
    "fields": {
        "action_time": "2022-05-05T02:13:01.812Z",
        "user": 16,
        "content_type": 8,
        "object_id": "39",
        "object_repr": "Question object (39)",
        "action_flag": 3,
        "change_message": ""
    }
},
{
    "model": "admin.logentry",
    "pk": 162,
    "fields": {
        "action_time": "2022-05-05T02:13:01.822Z",
        "user": 16,
        "content_type": 8,
        "object_id": "38",
        "object_repr": "Question object (38)",
        "action_flag": 3,
        "change_message": ""
    }
},
{
    "model": "admin.logentry",
    "pk": 163,
    "fields": {
        "action_time": "2022-05-05T02:13:01.834Z",
        "user": 16,
        "content_type": 8,
        "object_id": "37",
        "object_repr": "Question object (37)",
        "action_flag": 3,
        "change_message": ""
    }
},
{
    "model": "admin.logentry",
    "pk": 164,
    "fields": {
        "action_time": "2022-05-05T02:13:01.845Z",
        "user": 16,
        "content_type": 8,
        "object_id": "36",
        "object_repr": "Question object (36)",
        "action_flag": 3,
        "change_message": ""
    }
},
{
    "model": "admin.logentry",
    "pk": 165,
    "fields": {
        "action_time": "2022-05-05T02:13:01.857Z",
        "user": 16,
        "content_type": 8,
        "object_id": "35",
        "object_repr": "Question object (35)",
        "action_flag": 3,
        "change_message": ""
    }
},
{
    "model": "admin.logentry",
    "pk": 166,
    "fields": {
        "action_time": "2022-05-05T02:13:01.867Z",
        "user": 16,
        "content_type": 8,
        "object_id": "34",
        "object_repr": "Question object (34)",
        "action_flag": 3,
        "change_message": ""
    }
},
{
    "model": "admin.logentry",
    "pk": 167,
    "fields": {
        "action_time": "2022-05-05T02:13:01.879Z",
        "user": 16,
        "content_type": 8,
        "object_id": "33",
        "object_repr": "Question object (33)",
        "action_flag": 3,
        "change_message": ""
    }
},
{
    "model": "admin.logentry",
    "pk": 168,
    "fields": {
        "action_time": "2022-05-05T02:13:01.889Z",
        "user": 16,
        "content_type": 8,
        "object_id": "32",
        "object_repr": "Question object (32)",
        "action_flag": 3,
        "change_message": ""
    }
},
{
    "model": "admin.logentry",
    "pk": 169,
    "fields": {
        "action_time": "2022-05-05T02:13:01.901Z",
        "user": 16,
        "content_type": 8,
        "object_id": "31",
        "object_repr": "Question object (31)",
        "action_flag": 3,
        "change_message": ""
    }
},
{
    "model": "admin.logentry",
    "pk": 170,
    "fields": {
        "action_time": "2022-05-05T02:13:01.912Z",
        "user": 16,
        "content_type": 8,
        "object_id": "30",
        "object_repr": "Question object (30)",
        "action_flag": 3,
        "change_message": ""
    }
},
{
    "model": "admin.logentry",
    "pk": 171,
    "fields": {
        "action_time": "2022-05-05T02:13:01.923Z",
        "user": 16,
        "content_type": 8,
        "object_id": "29",
        "object_repr": "Question object (29)",
        "action_flag": 3,
        "change_message": ""
    }
},
{
    "model": "admin.logentry",
    "pk": 172,
    "fields": {
        "action_time": "2022-05-05T02:13:01.934Z",
        "user": 16,
        "content_type": 8,
        "object_id": "28",
        "object_repr": "Question object (28)",
        "action_flag": 3,
        "change_message": ""
    }
},
{
    "model": "admin.logentry",
    "pk": 173,
    "fields": {
        "action_time": "2022-05-05T02:13:01.945Z",
        "user": 16,
        "content_type": 8,
        "object_id": "27",
        "object_repr": "Question object (27)",
        "action_flag": 3,
        "change_message": ""
    }
},
{
    "model": "admin.logentry",
    "pk": 174,
    "fields": {
        "action_time": "2022-05-05T02:13:01.960Z",
        "user": 16,
        "content_type": 8,
        "object_id": "26",
        "object_repr": "Question object (26)",
        "action_flag": 3,
        "change_message": ""
    }
},
{
    "model": "admin.logentry",
    "pk": 175,
    "fields": {
        "action_time": "2022-05-05T02:17:07.906Z",
        "user": 16,
        "content_type": 8,
        "object_id": "54",
        "object_repr": "Question object (54)",
        "action_flag": 1,
        "change_message": "[{\"added\": {}}]"
    }
},
{
    "model": "admin.logentry",
    "pk": 176,
    "fields": {
        "action_time": "2022-05-05T02:18:07.204Z",
        "user": 16,
        "content_type": 7,
        "object_id": "14",
        "object_repr": "Profile object (14)",
        "action_flag": 1,
        "change_message": "[{\"added\": {}}]"
    }
},
{
    "model": "admin.logentry",
    "pk": 177,
    "fields": {
        "action_time": "2022-05-05T02:18:12.754Z",
        "user": 16,
        "content_type": 7,
        "object_id": "15",
        "object_repr": "Profile object (15)",
        "action_flag": 1,
        "change_message": "[{\"added\": {}}]"
    }
},
{
    "model": "admin.logentry",
    "pk": 178,
    "fields": {
        "action_time": "2022-05-05T02:19:08.242Z",
        "user": 16,
        "content_type": 9,
        "object_id": "2",
        "object_repr": "Answer object (2)",
        "action_flag": 1,
        "change_message": "[{\"added\": {}}]"
    }
},
{
    "model": "admin.logentry",
    "pk": 179,
    "fields": {
        "action_time": "2022-05-05T02:19:34.311Z",
        "user": 16,
        "content_type": 9,
        "object_id": "3",
        "object_repr": "Answer object (3)",
        "action_flag": 1,
        "change_message": "[{\"added\": {}}]"
    }
},
{
    "model": "admin.logentry",
    "pk": 180,
    "fields": {
        "action_time": "2022-05-05T02:53:10.059Z",
        "user": 16,
        "content_type": 8,
        "object_id": "55",
        "object_repr": "Question object (55)",
        "action_flag": 1,
        "change_message": "[{\"added\": {}}]"
    }
},
{
    "model": "admin.logentry",
    "pk": 181,
    "fields": {
        "action_time": "2022-05-05T02:54:55.076Z",
        "user": 16,
        "content_type": 8,
        "object_id": "56",
        "object_repr": "Question object (56)",
        "action_flag": 1,
        "change_message": "[{\"added\": {}}]"
    }
},
{
    "model": "admin.logentry",
    "pk": 182,
    "fields": {
        "action_time": "2022-05-05T02:55:30.925Z",
        "user": 16,
        "content_type": 9,
        "object_id": "4",
        "object_repr": "Answer object (4)",
        "action_flag": 1,
        "change_message": "[{\"added\": {}}]"
    }
},
{
    "model": "admin.logentry",
    "pk": 183,
    "fields": {
        "action_time": "2022-05-05T02:58:48.401Z",
        "user": 16,
        "content_type": 8,
        "object_id": "57",
        "object_repr": "Question object (57)",
        "action_flag": 1,
        "change_message": "[{\"added\": {}}]"
    }
},
{
    "model": "admin.logentry",
    "pk": 184,
    "fields": {
        "action_time": "2022-05-05T03:00:01.516Z",
        "user": 16,
        "content_type": 9,
        "object_id": "5",
        "object_repr": "Answer object (5)",
        "action_flag": 1,
        "change_message": "[{\"added\": {}}]"
    }
},
{
    "model": "admin.logentry",
    "pk": 185,
    "fields": {
        "action_time": "2022-05-05T03:01:27.014Z",
        "user": 16,
        "content_type": 8,
        "object_id": "58",
        "object_repr": "Question object (58)",
        "action_flag": 1,
        "change_message": "[{\"added\": {}}]"
    }
},
{
    "model": "auth.permission",
    "pk": 1,
    "fields": {
        "name": "Can add log entry",
        "content_type": 1,
        "codename": "add_logentry"
    }
},
{
    "model": "auth.permission",
    "pk": 2,
    "fields": {
        "name": "Can change log entry",
        "content_type": 1,
        "codename": "change_logentry"
    }
},
{
    "model": "auth.permission",
    "pk": 3,
    "fields": {
        "name": "Can delete log entry",
        "content_type": 1,
        "codename": "delete_logentry"
    }
},
{
    "model": "auth.permission",
    "pk": 4,
    "fields": {
        "name": "Can view log entry",
        "content_type": 1,
        "codename": "view_logentry"
    }
},
{
    "model": "auth.permission",
    "pk": 5,
    "fields": {
        "name": "Can add permission",
        "content_type": 2,
        "codename": "add_permission"
    }
},
{
    "model": "auth.permission",
    "pk": 6,
    "fields": {
        "name": "Can change permission",
        "content_type": 2,
        "codename": "change_permission"
    }
},
{
    "model": "auth.permission",
    "pk": 7,
    "fields": {
        "name": "Can delete permission",
        "content_type": 2,
        "codename": "delete_permission"
    }
},
{
    "model": "auth.permission",
    "pk": 8,
    "fields": {
        "name": "Can view permission",
        "content_type": 2,
        "codename": "view_permission"
    }
},
{
    "model": "auth.permission",
    "pk": 9,
    "fields": {
        "name": "Can add group",
        "content_type": 3,
        "codename": "add_group"
    }
},
{
    "model": "auth.permission",
    "pk": 10,
    "fields": {
        "name": "Can change group",
        "content_type": 3,
        "codename": "change_group"
    }
},
{
    "model": "auth.permission",
    "pk": 11,
    "fields": {
        "name": "Can delete group",
        "content_type": 3,
        "codename": "delete_group"
    }
},
{
    "model": "auth.permission",
    "pk": 12,
    "fields": {
        "name": "Can view group",
        "content_type": 3,
        "codename": "view_group"
    }
},
{
    "model": "auth.permission",
    "pk": 13,
    "fields": {
        "name": "Can add content type",
        "content_type": 4,
        "codename": "add_contenttype"
    }
},
{
    "model": "auth.permission",
    "pk": 14,
    "fields": {
        "name": "Can change content type",
        "content_type": 4,
        "codename": "change_contenttype"
    }
},
{
    "model": "auth.permission",
    "pk": 15,
    "fields": {
        "name": "Can delete content type",
        "content_type": 4,
        "codename": "delete_contenttype"
    }
},
{
    "model": "auth.permission",
    "pk": 16,
    "fields": {
        "name": "Can view content type",
        "content_type": 4,
        "codename": "view_contenttype"
    }
},
{
    "model": "auth.permission",
    "pk": 17,
    "fields": {
        "name": "Can add session",
        "content_type": 5,
        "codename": "add_session"
    }
},
{
    "model": "auth.permission",
    "pk": 18,
    "fields": {
        "name": "Can change session",
        "content_type": 5,
        "codename": "change_session"
    }
},
{
    "model": "auth.permission",
    "pk": 19,
    "fields": {
        "name": "Can delete session",
        "content_type": 5,
        "codename": "delete_session"
    }
},
{
    "model": "auth.permission",
    "pk": 20,
    "fields": {
        "name": "Can view session",
        "content_type": 5,
        "codename": "view_session"
    }
},
{
    "model": "auth.permission",
    "pk": 21,
    "fields": {
        "name": "Can add user",
        "content_type": 6,
        "codename": "add_user"
    }
},
{
    "model": "auth.permission",
    "pk": 22,
    "fields": {
        "name": "Can change user",
        "content_type": 6,
        "codename": "change_user"
    }
},
{
    "model": "auth.permission",
    "pk": 23,
    "fields": {
        "name": "Can delete user",
        "content_type": 6,
        "codename": "delete_user"
    }
},
{
    "model": "auth.permission",
    "pk": 24,
    "fields": {
        "name": "Can view user",
        "content_type": 6,
        "codename": "view_user"
    }
},
{
    "model": "auth.permission",
    "pk": 25,
    "fields": {
        "name": "Can add profile",
        "content_type": 7,
        "codename": "add_profile"
    }
},
{
    "model": "auth.permission",
    "pk": 26,
    "fields": {
        "name": "Can change profile",
        "content_type": 7,
        "codename": "change_profile"
    }
},
{
    "model": "auth.permission",
    "pk": 27,
    "fields": {
        "name": "Can delete profile",
        "content_type": 7,
        "codename": "delete_profile"
    }
},
{
    "model": "auth.permission",
    "pk": 28,
    "fields": {
        "name": "Can view profile",
        "content_type": 7,
        "codename": "view_profile"
    }
},
{
    "model": "auth.permission",
    "pk": 29,
    "fields": {
        "name": "Can add question",
        "content_type": 8,
        "codename": "add_question"
    }
},
{
    "model": "auth.permission",
    "pk": 30,
    "fields": {
        "name": "Can change question",
        "content_type": 8,
        "codename": "change_question"
    }
},
{
    "model": "auth.permission",
    "pk": 31,
    "fields": {
        "name": "Can delete question",
        "content_type": 8,
        "codename": "delete_question"
    }
},
{
    "model": "auth.permission",
    "pk": 32,
    "fields": {
        "name": "Can view question",
        "content_type": 8,
        "codename": "view_question"
    }
},
{
    "model": "auth.permission",
    "pk": 33,
    "fields": {
        "name": "Can add answer",
        "content_type": 9,
        "codename": "add_answer"
    }
},
{
    "model": "auth.permission",
    "pk": 34,
    "fields": {
        "name": "Can change answer",
        "content_type": 9,
        "codename": "change_answer"
    }
},
{
    "model": "auth.permission",
    "pk": 35,
    "fields": {
        "name": "Can delete answer",
        "content_type": 9,
        "codename": "delete_answer"
    }
},
{
    "model": "auth.permission",
    "pk": 36,
    "fields": {
        "name": "Can view answer",
        "content_type": 9,
        "codename": "view_answer"
    }
},
{
    "model": "auth.permission",
    "pk": 37,
    "fields": {
        "name": "Can add question page hit",
        "content_type": 10,
        "codename": "add_questionpagehit"
    }
},
{
    "model": "auth.permission",
    "pk": 38,
    "fields": {
        "name": "Can change question page hit",
        "content_type": 10,
        "codename": "change_questionpagehit"
    }
},
{
    "model": "auth.permission",
    "pk": 39,
    "fields": {
        "name": "Can delete question page hit",
        "content_type": 10,
        "codename": "delete_questionpagehit"
    }
},
{
    "model": "auth.permission",
    "pk": 40,
    "fields": {
        "name": "Can view question page hit",
        "content_type": 10,
        "codename": "view_questionpagehit"
    }
},
{
    "model": "auth.permission",
    "pk": 41,
    "fields": {
        "name": "Can add tag",
        "content_type": 11,
        "codename": "add_tag"
    }
},
{
    "model": "auth.permission",
    "pk": 42,
    "fields": {
        "name": "Can change tag",
        "content_type": 11,
        "codename": "change_tag"
    }
},
{
    "model": "auth.permission",
    "pk": 43,
    "fields": {
        "name": "Can delete tag",
        "content_type": 11,
        "codename": "delete_tag"
    }
},
{
    "model": "auth.permission",
    "pk": 44,
    "fields": {
        "name": "Can view tag",
        "content_type": 11,
        "codename": "view_tag"
    }
},
{
    "model": "auth.permission",
    "pk": 45,
    "fields": {
        "name": "Can add bookmark",
        "content_type": 12,
        "codename": "add_bookmark"
    }
},
{
    "model": "auth.permission",
    "pk": 46,
    "fields": {
        "name": "Can change bookmark",
        "content_type": 12,
        "codename": "change_bookmark"
    }
},
{
    "model": "auth.permission",
    "pk": 47,
    "fields": {
        "name": "Can delete bookmark",
        "content_type": 12,
        "codename": "delete_bookmark"
    }
},
{
    "model": "auth.permission",
    "pk": 48,
    "fields": {
        "name": "Can view bookmark",
        "content_type": 12,
        "codename": "view_bookmark"
    }
},
{
    "model": "auth.permission",
    "pk": 49,
    "fields": {
        "name": "Can add vote",
        "content_type": 13,
        "codename": "add_vote"
    }
},
{
    "model": "auth.permission",
    "pk": 50,
    "fields": {
        "name": "Can change vote",
        "content_type": 13,
        "codename": "change_vote"
    }
},
{
    "model": "auth.permission",
    "pk": 51,
    "fields": {
        "name": "Can delete vote",
        "content_type": 13,
        "codename": "delete_vote"
    }
},
{
    "model": "auth.permission",
    "pk": 52,
    "fields": {
        "name": "Can view vote",
        "content_type": 13,
        "codename": "view_vote"
    }
},
{
    "model": "auth.permission",
    "pk": 53,
    "fields": {
        "name": "Can add comment",
        "content_type": 14,
        "codename": "add_comment"
    }
},
{
    "model": "auth.permission",
    "pk": 54,
    "fields": {
        "name": "Can change comment",
        "content_type": 14,
        "codename": "change_comment"
    }
},
{
    "model": "auth.permission",
    "pk": 55,
    "fields": {
        "name": "Can delete comment",
        "content_type": 14,
        "codename": "delete_comment"
    }
},
{
    "model": "auth.permission",
    "pk": 56,
    "fields": {
        "name": "Can view comment",
        "content_type": 14,
        "codename": "view_comment"
    }
},
{
    "model": "contenttypes.contenttype",
    "pk": 1,
    "fields": {
        "app_label": "admin",
        "model": "logentry"
    }
},
{
    "model": "contenttypes.contenttype",
    "pk": 2,
    "fields": {
        "app_label": "auth",
        "model": "permission"
    }
},
{
    "model": "contenttypes.contenttype",
    "pk": 3,
    "fields": {
        "app_label": "auth",
        "model": "group"
    }
},
{
    "model": "contenttypes.contenttype",
    "pk": 4,
    "fields": {
        "app_label": "contenttypes",
        "model": "contenttype"
    }
},
{
    "model": "contenttypes.contenttype",
    "pk": 5,
    "fields": {
        "app_label": "sessions",
        "model": "session"
    }
},
{
    "model": "contenttypes.contenttype",
    "pk": 6,
    "fields": {
        "app_label": "authors",
        "model": "user"
    }
},
{
    "model": "contenttypes.contenttype",
    "pk": 7,
    "fields": {
        "app_label": "authors",
        "model": "profile"
    }
},
{
    "model": "contenttypes.contenttype",
    "pk": 8,
    "fields": {
        "app_label": "posts",
        "model": "question"
    }
},
{
    "model": "contenttypes.contenttype",
    "pk": 9,
    "fields": {
        "app_label": "posts",
        "model": "answer"
    }
},
{
    "model": "contenttypes.contenttype",
    "pk": 10,
    "fields": {
        "app_label": "posts",
        "model": "questionpagehit"
    }
},
{
    "model": "contenttypes.contenttype",
    "pk": 11,
    "fields": {
        "app_label": "posts",
        "model": "tag"
    }
},
{
    "model": "contenttypes.contenttype",
    "pk": 12,
    "fields": {
        "app_label": "posts",
        "model": "bookmark"
    }
},
{
    "model": "contenttypes.contenttype",
    "pk": 13,
    "fields": {
        "app_label": "posts",
        "model": "vote"
    }
},
{
    "model": "contenttypes.contenttype",
    "pk": 14,
    "fields": {
        "app_label": "posts",
        "model": "comment"
    }
},
{
    "model": "sessions.session",
    "pk": "q862np72fy6l8c5y2ggkyafedhokd9ck",
    "fields": {
        "session_data": ".eJxVjMsOgjAUBf-la9O0pXBbl-75huY-iqCmJBRWxn8XEha6PTNz3irhto5pq3lJk6irso26_I6E_MzlIPLAcp81z2VdJtKHok9adT9Lft1O9-9gxDruNXfibfRCXiS0trFGQmABCm3OBD4OwI4HyA6NYdcidHsBkVwDEpDU5wsVfDhx:1nLxsL:maC94B574ZcSr_UqJm7_GUdkCFb7hb55f5YIgpm3tdA",
        "expire_date": "2022-03-07T01:52:29.089Z"
    }
},
{
    "model": "sessions.session",
    "pk": "vzolr9cd6ljlycfirdcsqkzlsg8bub78",
    "fields": {
        "session_data": ".eJxVjMsOwiAQRf-FtSEUOlNw6d5vIDM8pGogKe3K-O_apAvd3nPOfQlP21r81tPi5yjOYkBx-h2ZwiPVncQ71VuTodV1mVnuijxol9cW0_NyuH8HhXr51hZHCGwgMUbnwGHmgTkj6GxYTym60WQgUuiMUlpbpSNaS2AnE4BBvD8FZzeJ:1nmQyR:hzaItoIdVH0xngpGa0acwz3I5y8weBd0yo6c1usFLVg",
        "expire_date": "2022-05-19T02:12:11.962Z"
    }
},
{
    "model": "sessions.session",
    "pk": "zu2kdzqxtfl3my4szb2xujbzkdjgiavc",
    "fields": {
        "session_data": ".eJxVjMsOwiAQRf-FtSHQAQZcuvcbyPCSqoGktCvjv2uTLnR7zzn3xTxta_XbyIufEzszqdnpdwwUH7ntJN2p3TqPva3LHPiu8IMOfu0pPy-H-3dQadRvrSYkE4NGAA1WlFyilUI5R7kEjMZYpTSiEClMCoMFtAldhlQ0FEnI3h_yzTeT:1nZPQk:dKHuPszx7s00RD6a9msPpv1CtQ04or31dnf5KQddtr8",
        "expire_date": "2022-04-13T03:55:34.239Z"
    }
},
{
    "model": "authors.user",
    "pk": 13,
    "fields": {
        "password": "pbkdf2_sha256$260000$tcAtUYuLzbmG7QhY6WNqqU$uzfXmjGICsMGZ7QvPPu8EFIh2F0qkrOyukv6ZFk0+J4=",
        "last_login": "2022-02-21T01:52:29.049Z",
        "is_superuser": true,
        "first_name": "",
        "last_name": "",
        "email": "",
        "is_staff": true,
        "is_active": true,
        "date_joined": "2022-02-21T01:51:51.676Z",
        "username": "Python$!",
        "groups": [],
        "user_permissions": []
    }
},
{
    "model": "authors.user",
    "pk": 14,
    "fields": {
        "password": "pbkdf2_sha256$260000$t2oAHHZOIPnMFoYDE5OiF7$r4w97zTg+KlTOv8StceF3/s28EpF/Yyyki5oVk7QHso=",
        "last_login": "2022-03-21T03:35:45.786Z",
        "is_superuser": false,
        "first_name": "",
        "last_name": "",
        "email": "",
        "is_staff": false,
        "is_active": true,
        "date_joined": "2022-03-21T03:35:34.534Z",
        "username": "y_i_am_nobody",
        "groups": [],
        "user_permissions": []
    }
},
{
    "model": "authors.user",
    "pk": 15,
    "fields": {
        "password": "pbkdf2_sha256$260000$cw7T8YqroU4jLFRezCZEr8$mOXehGqaIx9XWW649DGm3YBeOVMSWAESBtLcKBsKY40=",
        "last_login": "2022-03-30T03:55:34.201Z",
        "is_superuser": false,
        "first_name": "",
        "last_name": "",
        "email": "",
        "is_staff": false,
        "is_active": true,
        "date_joined": "2022-03-30T02:42:33.793Z",
        "username": "User_00B",
        "groups": [],
        "user_permissions": []
    }
},
{
    "model": "authors.user",
    "pk": 16,
    "fields": {
        "password": "pbkdf2_sha256$260000$adHN6tKwmliyOSRUmbxBUl$2bw/qdYyeu5Jnj1pyLjc/NjdOZKTfe4GqCyCATJPDV4=",
        "last_login": "2022-05-05T02:12:11.947Z",
        "is_superuser": true,
        "first_name": "",
        "last_name": "",
        "email": "benjaminhh@gmx.com",
        "is_staff": true,
        "is_active": true,
        "date_joined": "2022-05-05T02:11:30.949Z",
        "username": "BinnyBot",
        "groups": [],
        "user_permissions": []
    }
},
{
    "model": "authors.profile",
    "pk": 12,
    "fields": {
        "user": 13
    }
},
{
    "model": "authors.profile",
    "pk": 13,
    "fields": {
        "user": 15
    }
},
{
    "model": "authors.profile",
    "pk": 14,
    "fields": {
        "user": 16
    }
},
{
    "model": "authors.profile",
    "pk": 15,
    "fields": {
        "user": 14
    }
},
{
    "model": "posts.tag",
    "pk": 9,
    "fields": {
        "name": "Tag1"
    }
},
{
    "model": "posts.tag",
    "pk": 10,
    "fields": {
        "name": "Tag2"
    }
},
{
    "model": "posts.tag",
    "pk": 11,
    "fields": {
        "name": "Tag3"
    }
},
{
    "model": "posts.tag",
    "pk": 12,
    "fields": {
        "name": "Tag4"
    }
},
{
    "model": "posts.tag",
    "pk": 13,
    "fields": {
        "name": "database"
    }
},
{
    "model": "posts.tag",
    "pk": 14,
    "fields": {
        "name": "django"
    }
},
{
    "model": "posts.tag",
    "pk": 15,
    "fields": {
        "name": "python"
    }
},
{
    "model": "posts.tag",
    "pk": 16,
    "fields": {
        "name": "oop"
    }
},
{
    "model": "posts.tag",
    "pk": 17,
    "fields": {
        "name": "c#"
    }
},
{
    "model": "posts.tag",
    "pk": 18,
    "fields": {
        "name": "tag2"
    }
},
{
    "model": "posts.tag",
    "pk": 19,
    "fields": {
        "name": "tag1"
    }
},
{
    "model": "posts.tag",
    "pk": 20,
    "fields": {
        "name": "tag 3"
    }
},
{
    "model": "posts.tag",
    "pk": 21,
    "fields": {
        "name": "tag 5"
    }
},
{
    "model": "posts.tag",
    "pk": 22,
    "fields": {
        "name": "Tag D"
    }
},
{
    "model": "posts.tag",
    "pk": 23,
    "fields": {
        "name": "Tag AAA"
    }
},
{
    "model": "posts.tag",
    "pk": 24,
    "fields": {
        "name": "Tag Y"
    }
},
{
    "model": "posts.tag",
    "pk": 25,
    "fields": {
        "name": "tag i"
    }
},
{
    "model": "posts.tag",
    "pk": 26,
    "fields": {
        "name": "tag d"
    }
},
{
    "model": "posts.tag",
    "pk": 27,
    "fields": {
        "name": "Tag C"
    }
},
{
    "model": "posts.tag",
    "pk": 28,
    "fields": {
        "name": "Tag O"
    }
},
{
    "model": "posts.tag",
    "pk": 29,
    "fields": {
        "name": "TagABC"
    }
},
{
    "model": "posts.tag",
    "pk": 30,
    "fields": {
        "name": "TagCDE"
    }
},
{
    "model": "posts.tag",
    "pk": 31,
    "fields": {
        "name": "tacos"
    }
},
{
    "model": "posts.tag",
    "pk": 32,
    "fields": {
        "name": "tag3"
    }
},
{
    "model": "posts.tag",
    "pk": 33,
    "fields": {
        "name": "taga"
    }
},
{
    "model": "posts.tag",
    "pk": 34,
    "fields": {
        "name": "TagP"
    }
},
{
    "model": "posts.tag",
    "pk": 35,
    "fields": {
        "name": "TagI"
    }
},
{
    "model": "posts.tag",
    "pk": 36,
    "fields": {
        "name": "TagZ"
    }
},
{
    "model": "posts.tag",
    "pk": 37,
    "fields": {
        "name": "TagPO"
    }
},
{
    "model": "posts.tag",
    "pk": 38,
    "fields": {
        "name": "TagUI"
    }
},
{
    "model": "posts.tag",
    "pk": 39,
    "fields": {
        "name": "TagH"
    }
},
{
    "model": "posts.tag",
    "pk": 40,
    "fields": {
        "name": "TagHAU"
    }
},
{
    "model": "posts.tag",
    "pk": 41,
    "fields": {
        "name": "TagHDF"
    }
},
{
    "model": "posts.tag",
    "pk": 42,
    "fields": {
        "name": "TagB"
    }
},
{
    "model": "posts.tag",
    "pk": 43,
    "fields": {
        "name": "TagA"
    }
},
{
    "model": "posts.tag",
    "pk": 44,
    "fields": {
        "name": "TagF"
    }
},
{
    "model": "posts.question",
    "pk": 54,
    "fields": {
        "body": "This is content that elaborates to the following post: Test_Question_A",
        "date": "2022-05-04",
        "comment": null,
        "profile": 12,
        "score": 0,
        "title": "Test_Question_A",
        "views": 0,
        "tags": [
            10,
            11,
            12
        ]
    }
},
{
    "model": "posts.question",
    "pk": 55,
    "fields": {
        "body": "The is content that elaborates on the post Test_Question_B",
        "date": "2022-05-01",
        "comment": null,
        "profile": 15,
        "score": 1,
        "title": "Test_Question_B",
        "views": 0,
        "tags": [
            12
        ]
    }
},
{
    "model": "posts.question",
    "pk": 56,
    "fields": {
        "body": "This is content that elaborates on Test_Question_C",
        "date": "2022-05-05",
        "comment": null,
        "profile": 12,
        "score": 2,
        "title": "Test_Question_C",
        "views": 0,
        "tags": [
            9
        ]
    }
},
{
    "model": "posts.question",
    "pk": 57,
    "fields": {
        "body": "This is content that elaborates on post Test_Question_D",
        "date": "2022-05-01",
        "comment": null,
        "profile": 15,
        "score": 0,
        "title": "Test_Question_D",
        "views": 0,
        "tags": [
            21
        ]
    }
},
{
    "model": "posts.question",
    "pk": 58,
    "fields": {
        "body": "This is content that elaborates on the post Test_Question_E",
        "date": "2022-05-05",
        "comment": null,
        "profile": 14,
        "score": 0,
        "title": "Test_Question_E",
        "views": 0,
        "tags": [
            10,
            11
        ]
    }
},
{
    "model": "posts.answer",
    "pk": 2,
    "fields": {
        "body": "This is an answer in response to Test_Question_A.",
        "date": "2022-05-04",
        "comment": null,
        "profile": 15,
        "score": 0,
        "question": 54
    }
},
{
    "model": "posts.answer",
    "pk": 3,
    "fields": {
        "body": "This is the second answer in response to Test_Question_A",
        "date": "2022-05-04",
        "comment": null,
        "profile": 12,
        "score": 0,
        "question": 54
    }
},
{
    "model": "posts.answer",
    "pk": 4,
    "fields": {
        "body": "This is an answer in response to Test_Question_C",
        "date": "2022-05-04",
        "comment": null,
        "profile": 13,
        "score": 0,
        "question": 56
    }
},
{
    "model": "posts.answer",
    "pk": 5,
    "fields": {
        "body": "This is an answer in response to Test_Question_D",
        "date": "2022-05-04",
        "comment": null,
        "profile": 14,
        "score": 0,
        "question": 57
    }
}
]
