[
{
    "model": "posts.tag",
    "pk": 9,
    "fields": {
        "name": "Tag1"
    }
},
{
    "model": "posts.tag",
    "pk": 10,
    "fields": {
        "name": "Tag2"
    }
},
{
    "model": "posts.tag",
    "pk": 11,
    "fields": {
        "name": "Tag3"
    }
},
{
    "model": "posts.tag",
    "pk": 12,
    "fields": {
        "name": "Tag4"
    }
},
{
    "model": "posts.tag",
    "pk": 13,
    "fields": {
        "name": "database"
    }
},
{
    "model": "posts.tag",
    "pk": 14,
    "fields": {
        "name": "django"
    }
},
{
    "model": "posts.tag",
    "pk": 15,
    "fields": {
        "name": "python"
    }
},
{
    "model": "posts.tag",
    "pk": 16,
    "fields": {
        "name": "oop"
    }
},
{
    "model": "posts.tag",
    "pk": 17,
    "fields": {
        "name": "c#"
    }
},
{
    "model": "posts.tag",
    "pk": 18,
    "fields": {
        "name": "tag2"
    }
},
{
    "model": "posts.tag",
    "pk": 19,
    "fields": {
        "name": "tag1"
    }
},
{
    "model": "posts.tag",
    "pk": 20,
    "fields": {
        "name": "tag 3"
    }
},
{
    "model": "posts.tag",
    "pk": 21,
    "fields": {
        "name": "tag 5"
    }
},
{
    "model": "posts.tag",
    "pk": 22,
    "fields": {
        "name": "Tag D"
    }
},
{
    "model": "posts.tag",
    "pk": 23,
    "fields": {
        "name": "Tag AAA"
    }
},
{
    "model": "posts.tag",
    "pk": 24,
    "fields": {
        "name": "Tag Y"
    }
},
{
    "model": "posts.tag",
    "pk": 25,
    "fields": {
        "name": "tag i"
    }
},
{
    "model": "posts.tag",
    "pk": 26,
    "fields": {
        "name": "tag d"
    }
},
{
    "model": "posts.tag",
    "pk": 27,
    "fields": {
        "name": "Tag C"
    }
},
{
    "model": "posts.tag",
    "pk": 28,
    "fields": {
        "name": "Tag O"
    }
},
{
    "model": "posts.tag",
    "pk": 29,
    "fields": {
        "name": "TagABC"
    }
},
{
    "model": "posts.tag",
    "pk": 30,
    "fields": {
        "name": "TagCDE"
    }
},
{
    "model": "posts.tag",
    "pk": 31,
    "fields": {
        "name": "tacos"
    }
},
{
    "model": "posts.tag",
    "pk": 32,
    "fields": {
        "name": "tag3"
    }
},
{
    "model": "posts.tag",
    "pk": 33,
    "fields": {
        "name": "taga"
    }
},
{
    "model": "posts.tag",
    "pk": 34,
    "fields": {
        "name": "TagP"
    }
},
{
    "model": "posts.tag",
    "pk": 35,
    "fields": {
        "name": "TagI"
    }
},
{
    "model": "posts.tag",
    "pk": 36,
    "fields": {
        "name": "TagZ"
    }
},
{
    "model": "posts.tag",
    "pk": 37,
    "fields": {
        "name": "TagPO"
    }
},
{
    "model": "posts.tag",
    "pk": 38,
    "fields": {
        "name": "TagUI"
    }
},
{
    "model": "posts.tag",
    "pk": 39,
    "fields": {
        "name": "TagH"
    }
},
{
    "model": "posts.tag",
    "pk": 40,
    "fields": {
        "name": "TagHAU"
    }
},
{
    "model": "posts.tag",
    "pk": 41,
    "fields": {
        "name": "TagHDF"
    }
},
{
    "model": "posts.tag",
    "pk": 42,
    "fields": {
        "name": "TagB"
    }
},
{
    "model": "posts.tag",
    "pk": 43,
    "fields": {
        "name": "TagA"
    }
},
{
    "model": "posts.tag",
    "pk": 44,
    "fields": {
        "name": "TagF"
    }
},
{
    "model": "posts.question",
    "pk": 54,
    "fields": {
        "body": "This is content that elaborates to the following post: Test_Question_A",
        "date": "2022-05-04",
        "comment": null,
        "profile": 12,
        "score": 0,
        "title": "Test_Question_A",
        "views": 0,
        "tags": [
            10,
            11,
            12
        ]
    }
},
{
    "model": "posts.question",
    "pk": 55,
    "fields": {
        "body": "The is content that elaborates on the post Test_Question_B",
        "date": "2022-05-01",
        "comment": null,
        "profile": 15,
        "score": 1,
        "title": "Test_Question_B",
        "views": 0,
        "tags": [
            12
        ]
    }
},
{
    "model": "posts.question",
    "pk": 56,
    "fields": {
        "body": "This is content that elaborates on Test_Question_C",
        "date": "2022-05-05",
        "comment": null,
        "profile": 12,
        "score": 2,
        "title": "Test_Question_C",
        "views": 0,
        "tags": [
            9
        ]
    }
},
{
    "model": "posts.question",
    "pk": 57,
    "fields": {
        "body": "This is content that elaborates on post Test_Question_D",
        "date": "2022-05-01",
        "comment": null,
        "profile": 15,
        "score": 0,
        "title": "Test_Question_D",
        "views": 0,
        "tags": [
            21
        ]
    }
},
{
    "model": "posts.question",
    "pk": 58,
    "fields": {
        "body": "This is content that elaborates on the post Test_Question_E",
        "date": "2022-05-05",
        "comment": null,
        "profile": 14,
        "score": 0,
        "title": "Test_Question_E",
        "views": 0,
        "tags": [
            10,
            11
        ]
    }
},
{
    "model": "posts.answer",
    "pk": 2,
    "fields": {
        "body": "This is an answer in response to Test_Question_A.",
        "date": "2022-05-04",
        "comment": null,
        "profile": 15,
        "score": 0,
        "question": 54
    }
},
{
    "model": "posts.answer",
    "pk": 3,
    "fields": {
        "body": "This is the second answer in response to Test_Question_A",
        "date": "2022-05-04",
        "comment": null,
        "profile": 12,
        "score": 0,
        "question": 54
    }
},
{
    "model": "posts.answer",
    "pk": 4,
    "fields": {
        "body": "This is an answer in response to Test_Question_C",
        "date": "2022-05-04",
        "comment": null,
        "profile": 13,
        "score": 0,
        "question": 56
    }
},
{
    "model": "posts.answer",
    "pk": 5,
    "fields": {
        "body": "This is an answer in response to Test_Question_D",
        "date": "2022-05-04",
        "comment": null,
        "profile": 14,
        "score": 0,
        "question": 57
    }
},
{
    "model": "authors.user",
    "pk": 13,
    "fields": {
        "password": "pbkdf2_sha256$260000$tcAtUYuLzbmG7QhY6WNqqU$uzfXmjGICsMGZ7QvPPu8EFIh2F0qkrOyukv6ZFk0+J4=",
        "last_login": "2022-02-21T01:52:29.049Z",
        "is_superuser": true,
        "first_name": "",
        "last_name": "",
        "email": "",
        "is_staff": true,
        "is_active": true,
        "date_joined": "2022-02-21T01:51:51.676Z",
        "username": "Python$!",
        "groups": [],
        "user_permissions": []
    }
},
{
    "model": "authors.user",
    "pk": 14,
    "fields": {
        "password": "pbkdf2_sha256$260000$t2oAHHZOIPnMFoYDE5OiF7$r4w97zTg+KlTOv8StceF3/s28EpF/Yyyki5oVk7QHso=",
        "last_login": "2022-03-21T03:35:45.786Z",
        "is_superuser": false,
        "first_name": "",
        "last_name": "",
        "email": "",
        "is_staff": false,
        "is_active": true,
        "date_joined": "2022-03-21T03:35:34.534Z",
        "username": "y_i_am_nobody",
        "groups": [],
        "user_permissions": []
    }
},
{
    "model": "authors.user",
    "pk": 15,
    "fields": {
        "password": "pbkdf2_sha256$260000$cw7T8YqroU4jLFRezCZEr8$mOXehGqaIx9XWW649DGm3YBeOVMSWAESBtLcKBsKY40=",
        "last_login": "2022-03-30T03:55:34.201Z",
        "is_superuser": false,
        "first_name": "",
        "last_name": "",
        "email": "",
        "is_staff": false,
        "is_active": true,
        "date_joined": "2022-03-30T02:42:33.793Z",
        "username": "User_00B",
        "groups": [],
        "user_permissions": []
    }
},
{
    "model": "authors.user",
    "pk": 16,
    "fields": {
        "password": "pbkdf2_sha256$260000$adHN6tKwmliyOSRUmbxBUl$2bw/qdYyeu5Jnj1pyLjc/NjdOZKTfe4GqCyCATJPDV4=",
        "last_login": "2022-05-05T02:12:11.947Z",
        "is_superuser": true,
        "first_name": "",
        "last_name": "",
        "email": "benjaminhh@gmx.com",
        "is_staff": true,
        "is_active": true,
        "date_joined": "2022-05-05T02:11:30.949Z",
        "username": "BinnyBot",
        "groups": [],
        "user_permissions": []
    }
},
{
    "model": "authors.profile",
    "pk": 12,
    "fields": {
        "user": 13
    }
},
{
    "model": "authors.profile",
    "pk": 13,
    "fields": {
        "user": 15
    }
},
{
    "model": "authors.profile",
    "pk": 14,
    "fields": {
        "user": 16
    }
},
{
    "model": "authors.profile",
    "pk": 15,
    "fields": {
        "user": 14
    }
}
]
