[
{
    "model": "posts.tag",
    "pk": 1,
    "fields": {
        "name": "TagA"
    }
},
{
    "model": "posts.tag",
    "pk": 2,
    "fields": {
        "name": "TagB"
    }
},
{
    "model": "posts.tag",
    "pk": 3,
    "fields": {
        "name": "TagC"
    }
},
{
    "model": "posts.tag",
    "pk": 4,
    "fields": {
        "name": "TagD"
    }
},
{
    "model": "posts.tag",
    "pk": 5,
    "fields": {
        "name": "TagE"
    }
},
{
    "model": "posts.tag",
    "pk": 6,
    "fields": {
        "name": "TagF"
    }
},
{
    "model": "posts.tag",
    "pk": 7,
    "fields": {
        "name": "TagG"
    }
},
{
    "model": "posts.tag",
    "pk": 8,
    "fields": {
        "name": "TagH"
    }
},
{
    "model": "posts.question",
    "pk": 9,
    "fields": {
        "body": "Content of Question 001",
        "date": "2022-01-01",
        "comment": null,
        "profile": 5,
        "title": "Question__001",
        "tags": [
            4
        ]
    }
},
{
    "model": "posts.question",
    "pk": 10,
    "fields": {
        "body": "Content of Question 002",
        "date": "2021-12-08",
        "comment": null,
        "profile": 10,
        "title": "Question__002",
        "tags": [
            3,
            4,
            7
        ]
    }
},
{
    "model": "posts.question",
    "pk": 11,
    "fields": {
        "body": "Content of Question 003",
        "date": "2022-01-10",
        "comment": null,
        "profile": 7,
        "title": "Question__003",
        "tags": [
            1,
            8
        ]
    }
},
{
    "model": "posts.question",
    "pk": 12,
    "fields": {
        "body": "Content of Question 004",
        "date": "2021-12-08",
        "comment": null,
        "profile": 6,
        "title": "Question__004",
        "tags": [
            3,
            5,
            6,
            7
        ]
    }
},
{
    "model": "posts.question",
    "pk": 13,
    "fields": {
        "body": "Content of Question 005",
        "date": "2022-02-12",
        "comment": null,
        "profile": 2,
        "title": "Question__005",
        "tags": [
            1,
            7
        ]
    }
},
{
    "model": "posts.question",
    "pk": 14,
    "fields": {
        "body": "Content of Question 006",
        "date": "2022-02-12",
        "comment": null,
        "profile": 3,
        "title": "Question__006",
        "tags": [
            1,
            2
        ]
    }
},
{
    "model": "posts.vote",
    "pk": 1,
    "fields": {
        "profile": 10,
        "content_type": 8,
        "object_id": 9
    }
},
{
    "model": "posts.vote",
    "pk": 2,
    "fields": {
        "profile": 1,
        "content_type": 8,
        "object_id": 9
    }
},
{
    "model": "posts.vote",
    "pk": 3,
    "fields": {
        "profile": 7,
        "content_type": 8,
        "object_id": 9
    }
},
{
    "model": "posts.vote",
    "pk": 4,
    "fields": {
        "profile": 9,
        "content_type": 8,
        "object_id": 9
    }
},
{
    "model": "posts.vote",
    "pk": 5,
    "fields": {
        "profile": 3,
        "content_type": 8,
        "object_id": 10
    }
},
{
    "model": "posts.vote",
    "pk": 6,
    "fields": {
        "profile": 1,
        "content_type": 8,
        "object_id": 12
    }
},
{
    "model": "posts.vote",
    "pk": 7,
    "fields": {
        "profile": 9,
        "content_type": 8,
        "object_id": 12
    }
},
{
    "model": "posts.vote",
    "pk": 8,
    "fields": {
        "profile": 10,
        "content_type": 8,
        "object_id": 12
    }
},
{
    "model": "posts.vote",
    "pk": 9,
    "fields": {
        "profile": 11,
        "content_type": 8,
        "object_id": 12
    }
},
{
    "model": "posts.vote",
    "pk": 10,
    "fields": {
        "profile": 5,
        "content_type": 8,
        "object_id": 13
    }
},
{
    "model": "posts.vote",
    "pk": 11,
    "fields": {
        "profile": 1,
        "content_type": 8,
        "object_id": 14
    }
},
{
    "model": "posts.questionpagehit",
    "pk": 1,
    "fields": {
        "question": 9,
        "address": "192.0.2.235"
    }
},
{
    "model": "posts.questionpagehit",
    "pk": 2,
    "fields": {
        "question": 9,
        "address": "87.206.218.169"
    }
},
{
    "model": "posts.questionpagehit",
    "pk": 3,
    "fields": {
        "question": 10,
        "address": "150.107.155.67"
    }
},
{
    "model": "posts.questionpagehit",
    "pk": 4,
    "fields": {
        "question": 11,
        "address": "64.140.20.254"
    }
},
{
    "model": "posts.questionpagehit",
    "pk": 5,
    "fields": {
        "question": 12,
        "address": "90.252.122.33"
    }
},
{
    "model": "posts.questionpagehit",
    "pk": 6,
    "fields": {
        "question": 12,
        "address": "235.195.36.33"
    }
},
{
    "model": "posts.questionpagehit",
    "pk": 7,
    "fields": {
        "question": 12,
        "address": "181.12.2.178"
    }
},
{
    "model": "posts.questionpagehit",
    "pk": 8,
    "fields": {
        "question": 12,
        "address": "137.143.69.10"
    }
},
{
    "model": "posts.questionpagehit",
    "pk": 9,
    "fields": {
        "question": 13,
        "address": "201.111.5.164"
    }
},
{
    "model": "posts.questionpagehit",
    "pk": 10,
    "fields": {
        "question": 13,
        "address": "215.14.230.110"
    }
},
{
    "model": "posts.questionpagehit",
    "pk": 11,
    "fields": {
        "question": 14,
        "address": "33.23.248.79"
    }
},
{
    "model": "authors.user",
    "pk": 1,
    "fields": {
        "password": "pbkdf2_sha256$260000$39XuSy4ED0i4eeKXzGFM5X$LiH6gA9y6NEQ+liPrQzRa1vyf9pxlPAPTCTEdxLWJQY=",
        "last_login": "2022-02-11T06:28:09.544Z",
        "is_superuser": true,
        "first_name": "",
        "last_name": "",
        "email": "",
        "is_staff": true,
        "is_active": true,
        "date_joined": "2022-02-11T06:26:35.225Z",
        "username": "MainUser",
        "groups": [],
        "user_permissions": []
    }
},
{
    "model": "authors.user",
    "pk": 2,
    "fields": {
        "password": "",
        "last_login": null,
        "is_superuser": false,
        "first_name": "",
        "last_name": "",
        "email": "",
        "is_staff": false,
        "is_active": true,
        "date_joined": "2022-02-12T03:07:30.737Z",
        "username": "User_A",
        "groups": [],
        "user_permissions": []
    }
},
{
    "model": "authors.user",
    "pk": 3,
    "fields": {
        "password": "",
        "last_login": null,
        "is_superuser": false,
        "first_name": "",
        "last_name": "",
        "email": "",
        "is_staff": false,
        "is_active": true,
        "date_joined": "2022-02-12T03:07:36.516Z",
        "username": "User_B",
        "groups": [],
        "user_permissions": []
    }
},
{
    "model": "authors.user",
    "pk": 4,
    "fields": {
        "password": "",
        "last_login": null,
        "is_superuser": false,
        "first_name": "",
        "last_name": "",
        "email": "",
        "is_staff": false,
        "is_active": true,
        "date_joined": "2022-02-12T03:07:45.374Z",
        "username": "User_C",
        "groups": [],
        "user_permissions": []
    }
},
{
    "model": "authors.user",
    "pk": 5,
    "fields": {
        "password": "",
        "last_login": null,
        "is_superuser": false,
        "first_name": "",
        "last_name": "",
        "email": "",
        "is_staff": false,
        "is_active": true,
        "date_joined": "2022-02-12T03:07:49.841Z",
        "username": "User_D",
        "groups": [],
        "user_permissions": []
    }
},
{
    "model": "authors.user",
    "pk": 6,
    "fields": {
        "password": "",
        "last_login": null,
        "is_superuser": false,
        "first_name": "",
        "last_name": "",
        "email": "",
        "is_staff": false,
        "is_active": true,
        "date_joined": "2022-02-13T05:02:49.182Z",
        "username": "User_E",
        "groups": [],
        "user_permissions": []
    }
},
{
    "model": "authors.user",
    "pk": 7,
    "fields": {
        "password": "",
        "last_login": null,
        "is_superuser": false,
        "first_name": "",
        "last_name": "",
        "email": "",
        "is_staff": false,
        "is_active": true,
        "date_joined": "2022-02-13T05:02:54.216Z",
        "username": "User_F",
        "groups": [],
        "user_permissions": []
    }
},
{
    "model": "authors.user",
    "pk": 8,
    "fields": {
        "password": "",
        "last_login": null,
        "is_superuser": false,
        "first_name": "",
        "last_name": "",
        "email": "",
        "is_staff": false,
        "is_active": true,
        "date_joined": "2022-02-13T05:02:57.592Z",
        "username": "User_G",
        "groups": [],
        "user_permissions": []
    }
},
{
    "model": "authors.user",
    "pk": 9,
    "fields": {
        "password": "",
        "last_login": null,
        "is_superuser": false,
        "first_name": "",
        "last_name": "",
        "email": "",
        "is_staff": false,
        "is_active": true,
        "date_joined": "2022-02-13T05:03:01.614Z",
        "username": "User_H",
        "groups": [],
        "user_permissions": []
    }
},
{
    "model": "authors.user",
    "pk": 10,
    "fields": {
        "password": "",
        "last_login": null,
        "is_superuser": false,
        "first_name": "",
        "last_name": "",
        "email": "",
        "is_staff": false,
        "is_active": true,
        "date_joined": "2022-02-13T05:03:06.660Z",
        "username": "User_I",
        "groups": [],
        "user_permissions": []
    }
},
{
    "model": "authors.user",
    "pk": 11,
    "fields": {
        "password": "",
        "last_login": null,
        "is_superuser": false,
        "first_name": "",
        "last_name": "",
        "email": "",
        "is_staff": false,
        "is_active": true,
        "date_joined": "2022-02-13T05:03:11.143Z",
        "username": "User_J",
        "groups": [],
        "user_permissions": []
    }
},
{
    "model": "authors.user",
    "pk": 12,
    "fields": {
        "password": "",
        "last_login": null,
        "is_superuser": false,
        "first_name": "",
        "last_name": "",
        "email": "",
        "is_staff": false,
        "is_active": true,
        "date_joined": "2022-02-13T05:03:18.394Z",
        "username": "User_K",
        "groups": [],
        "user_permissions": []
    }
},
{
    "model": "authors.profile",
    "pk": 1,
    "fields": {
        "user": 2
    }
},
{
    "model": "authors.profile",
    "pk": 2,
    "fields": {
        "user": 3
    }
},
{
    "model": "authors.profile",
    "pk": 3,
    "fields": {
        "user": 4
    }
},
{
    "model": "authors.profile",
    "pk": 4,
    "fields": {
        "user": 5
    }
},
{
    "model": "authors.profile",
    "pk": 5,
    "fields": {
        "user": 6
    }
},
{
    "model": "authors.profile",
    "pk": 6,
    "fields": {
        "user": 7
    }
},
{
    "model": "authors.profile",
    "pk": 7,
    "fields": {
        "user": 8
    }
},
{
    "model": "authors.profile",
    "pk": 8,
    "fields": {
        "user": 9
    }
},
{
    "model": "authors.profile",
    "pk": 9,
    "fields": {
        "user": 10
    }
},
{
    "model": "authors.profile",
    "pk": 10,
    "fields": {
        "user": 11
    }
},
{
    "model": "authors.profile",
    "pk": 11,
    "fields": {
        "user": 12
    }
}
]
